IAH,DFW,BTR,ATL,ORD,CLE,RIC,DCA,EWR,LGA
7.732644038614578,20.067057553246876,19.978919316781898,22.823147893976635,7.401192360987653,45.81724621983763,119.75237036336308,159.88174164820956,23.983155950804452,26.300394205487876
13.303859099894137,8.928235196403605,18.74779597162872,19.73130766385601,30.975143704426745,27.003181525120787,37.805406755913744,14.314801820146767,18.96654374282162,30.15764969277012
17.10509773184613,72.04822855184882,37.95332015601831,13.547627203614775,19.698211974097525,12.006463290201562,70.58419219889348,193.97273470304998,39.41358334203904,15.692941615461688
18.15404550870569,48.84234864175865,19.240245309689993,14.578240613654984,61.15997933474691,17.755205280253932,40.854596099446745,22.984264060227467,26.020981298676638,50.408241001001926
12.64741092773821,16.354116767632455,25.445106969262014,75.38443180602711,10.730775324517799,52.247657220568136,30.56358206502287,23.51776942884782,26.12260037212352,17.13941242319253
